0.5,0.183,0.723,0.195,0.618,0.207,0.514,0.22,0.399,-0.049,0.133,0.061,0.121,0.171,0.11,0.268,0.11,0.366,0.121,-0.537,0.676,-0.415,0.769,-0.268,0.769,-0.146,0.653,-0.28,0.63,-0.427,0.63,0.415,0.618,0.524,0.711,0.671,0.711,0.78,0.607,0.671,0.572,0.537,0.572,-0.28,-0.318,-0.098,-0.214,0.061,-0.145,0.159,-0.168,0.268,-0.156,0.378,-0.237,0.5,-0.353,0.366,-0.387,0.244,-0.387,0.146,-0.387,0.024,-0.376,-0.11,-0.364,-0.207,-0.306,0.049,-0.26,0.159,-0.26,0.256,-0.26,0.427,-0.341,0.256,-0.272,0.146,-0.272,0.049,-0.26
1.0,0.027,0.718,0.038,0.593,0.038,0.48,0.049,0.356,-0.148,0.062,-0.049,0.062,0.038,0.062,0.126,0.062,0.224,0.085,-0.574,0.661,-0.464,0.751,-0.333,0.751,-0.213,0.65,-0.333,0.627,-0.475,0.616,0.279,0.65,0.388,0.751,0.53,0.751,0.65,0.672,0.541,0.627,0.399,0.627,-0.333,-0.333,-0.202,-0.243,-0.071,-0.164,0.027,-0.186,0.115,-0.164,0.235,-0.232,0.366,-0.345,0.235,-0.401,0.115,-0.424,0.016,-0.424,-0.082,-0.424,-0.202,-0.401,-0.268,-0.322,-0.071,-0.277,0.027,-0.277,0.115,-0.277,0.301,-0.333,0.115,-0.288,0.027,-0.299,-0.071,-0.288
1.5,0.051,0.762,0.051,0.643,0.062,0.535,0.062,0.405,-0.164,0.157,-0.062,0.135,0.04,0.124,0.141,0.135,0.243,0.157,-0.593,0.708,-0.48,0.795,-0.345,0.795,-0.232,0.697,-0.356,0.665,-0.492,0.665,0.311,0.676,0.424,0.773,0.559,0.762,0.672,0.676,0.571,0.643,0.435,0.643,-0.345,-0.33,-0.22,-0.178,-0.062,-0.103,0.04,-0.124,0.141,-0.103,0.277,-0.189,0.379,-0.351,0.266,-0.449,0.13,-0.492,0.028,-0.492,-0.085,-0.492,-0.22,-0.449,-0.266,-0.319,-0.073,-0.232,0.028,-0.232,0.13,-0.232,0.299,-0.341,0.13,-0.33,0.028,-0.341,-0.073,-0.33
2.0,0.057,0.762,0.057,0.637,0.057,0.513,0.069,0.368,-0.195,0.192,-0.08,0.161,0.046,0.13,0.161,0.161,0.276,0.192,-0.609,0.741,-0.494,0.813,-0.345,0.813,-0.241,0.72,-0.356,0.71,-0.494,0.71,0.31,0.699,0.425,0.782,0.563,0.782,0.678,0.699,0.563,0.679,0.425,0.689,-0.448,-0.223,-0.299,-0.088,-0.103,-0.036,0.034,-0.067,0.161,-0.036,0.322,-0.098,0.414,-0.244,0.322,-0.451,0.149,-0.544,0.011,-0.565,-0.138,-0.544,-0.322,-0.44,-0.391,-0.223,-0.103,-0.13,0.023,-0.14,0.161,-0.13,0.368,-0.254,0.161,-0.409,0.023,-0.43,-0.115,-0.409
2.5,0.035,0.75,0.035,0.62,0.035,0.5,0.035,0.359,-0.233,0.163,-0.116,0.141,0.012,0.109,0.128,0.13,0.244,0.152,-0.616,0.739,-0.5,0.804,-0.372,0.804,-0.256,0.717,-0.384,0.707,-0.512,0.717,0.291,0.685,0.419,0.772,0.547,0.761,0.663,0.685,0.547,0.674,0.419,0.674,-0.5,-0.217,-0.337,-0.12,-0.14,-0.076,-0.012,-0.109,0.128,-0.087,0.291,-0.141,0.407,-0.261,0.279,-0.402,0.105,-0.467,-0.035,-0.478,-0.174,-0.457,-0.349,-0.391,-0.43,-0.228,-0.151,-0.163,-0.023,-0.185,0.116,-0.174,0.349,-0.261,0.116,-0.337,-0.023,-0.348,-0.163,-0.326
3.0,0.0,0.722,0.012,0.6,0.012,0.478,0.012,0.344,-0.233,0.111,-0.128,0.1,-0.023,0.078,0.093,0.089,0.198,0.111,-0.64,0.689,-0.523,0.744,-0.395,0.744,-0.279,0.667,-0.407,0.644,-0.535,0.644,0.279,0.644,0.395,0.711,0.523,0.7,0.64,0.633,0.523,0.6,0.395,0.611,-0.477,-0.278,-0.314,-0.2,-0.14,-0.156,-0.035,-0.178,0.081,-0.156,0.221,-0.222,0.349,-0.322,0.209,-0.389,0.058,-0.422,-0.058,-0.433,-0.174,-0.422,-0.326,-0.378,-0.407,-0.278,-0.151,-0.267,-0.047,-0.278,0.07,-0.278,0.291,-0.311,0.07,-0.278,-0.047,-0.289,-0.163,-0.278
3.5,0.018,0.746,0.029,0.635,0.029,0.536,0.029,0.414,-0.193,0.138,-0.088,0.127,0.018,0.116,0.123,0.127,0.216,0.138,-0.637,0.702,-0.52,0.79,-0.368,0.79,-0.251,0.68,-0.38,0.657,-0.532,0.657,0.298,0.669,0.415,0.768,0.567,0.757,0.684,0.669,0.567,0.635,0.427,0.635,-0.404,-0.304,-0.251,-0.204,-0.088,-0.127,0.006,-0.16,0.111,-0.127,0.251,-0.204,0.368,-0.326,0.251,-0.414,0.099,-0.448,-0.006,-0.448,-0.111,-0.448,-0.263,-0.403,-0.333,-0.304,-0.099,-0.26,0.006,-0.271,0.111,-0.26,0.31,-0.326,0.111,-0.315,-0.006,-0.315,-0.099,-0.304
4.0,0.077,0.753,0.089,0.634,0.089,0.527,0.101,0.398,-0.148,0.161,-0.041,0.14,0.065,0.129,0.172,0.129,0.266,0.151,-0.598,0.71,-0.456,0.785,-0.302,0.796,-0.195,0.688,-0.325,0.656,-0.479,0.667,0.361,0.656,0.491,0.742,0.645,0.742,0.74,0.645,0.633,0.613,0.491,0.624,-0.385,-0.29,-0.219,-0.183,-0.041,-0.118,0.065,-0.151,0.172,-0.129,0.314,-0.204,0.42,-0.333,0.29,-0.441,0.148,-0.495,0.03,-0.495,-0.077,-0.484,-0.243,-0.43,-0.302,-0.29,-0.053,-0.237,0.053,-0.258,0.16,-0.258,0.349,-0.323,0.148,-0.355,0.041,-0.355,-0.065,-0.344
4.5,0.106,0.728,0.106,0.609,0.118,0.5,0.129,0.38,-0.129,0.12,-0.024,0.098,0.094,0.087,0.2,0.098,0.294,0.109,-0.588,0.696,-0.447,0.772,-0.294,0.772,-0.188,0.663,-0.318,0.641,-0.459,0.641,0.365,0.641,0.494,0.728,0.647,0.717,0.753,0.63,0.647,0.598,0.494,0.609,-0.388,-0.304,-0.212,-0.196,-0.035,-0.13,0.082,-0.174,0.176,-0.141,0.318,-0.217,0.435,-0.348,0.306,-0.446,0.153,-0.489,0.047,-0.489,-0.071,-0.478,-0.235,-0.435,-0.306,-0.304,-0.047,-0.261,0.071,-0.272,0.176,-0.272,0.365,-0.337,0.165,-0.348,0.059,-0.348,-0.059,-0.337
5.0,0.064,0.744,0.064,0.616,0.064,0.488,0.075,0.36,-0.156,0.116,-0.052,0.093,0.052,0.081,0.145,0.081,0.249,0.105,-0.595,0.698,-0.48,0.779,-0.341,0.779,-0.225,0.686,-0.341,0.651,-0.48,0.651,0.318,0.674,0.434,0.767,0.572,0.767,0.676,0.674,0.572,0.628,0.434,0.628,-0.353,-0.314,-0.202,-0.209,-0.052,-0.151,0.04,-0.186,0.145,-0.151,0.272,-0.233,0.387,-0.349,0.26,-0.395,0.121,-0.407,0.017,-0.407,-0.087,-0.407,-0.214,-0.372,-0.283,-0.302,-0.064,-0.267,0.04,-0.279,0.145,-0.279,0.329,-0.337,0.133,-0.279,0.029,-0.279,-0.075,-0.267
5.5,-0.039,0.717,-0.039,0.587,-0.039,0.457,-0.039,0.315,-0.251,0.098,-0.14,0.076,-0.05,0.065,0.061,0.065,0.173,0.087,-0.665,0.685,-0.553,0.761,-0.408,0.772,-0.296,0.674,-0.408,0.641,-0.553,0.63,0.24,0.674,0.352,0.783,0.497,0.783,0.609,0.707,0.508,0.652,0.374,0.652,-0.408,-0.326,-0.274,-0.239,-0.14,-0.174,-0.05,-0.207,0.05,-0.174,0.162,-0.25,0.296,-0.337,0.162,-0.424,0.028,-0.457,-0.073,-0.457,-0.162,-0.457,-0.274,-0.424,-0.341,-0.315,-0.14,-0.293,-0.061,-0.304,0.039,-0.293,0.229,-0.337,0.028,-0.315,-0.073,-0.326,-0.151,-0.315
6.0,-0.215,0.684,-0.234,0.553,-0.244,0.433,-0.263,0.293,-0.426,0.079,-0.33,0.051,-0.234,0.033,-0.129,0.042,-0.005,0.051,-0.751,0.637,-0.656,0.665,-0.541,0.674,-0.416,0.637,-0.541,0.609,-0.656,0.6,0.1,0.628,0.206,0.656,0.33,0.656,0.455,0.628,0.33,0.591,0.206,0.6,-0.531,-0.33,-0.416,-0.247,-0.311,-0.2,-0.215,-0.228,-0.12,-0.2,0.033,-0.265,0.215,-0.349,0.033,-0.442,-0.11,-0.47,-0.225,-0.47,-0.321,-0.46,-0.416,-0.423,-0.464,-0.33,-0.311,-0.302,-0.215,-0.321,-0.12,-0.312,0.139,-0.349,-0.12,-0.349,-0.215,-0.349,-0.311,-0.33
6.5,0.065,0.673,0.055,0.551,0.055,0.439,0.045,0.318,-0.186,0.075,-0.085,0.056,0.015,0.037,0.116,0.037,0.216,0.037,-0.618,0.692,-0.497,0.776,-0.347,0.757,-0.236,0.645,-0.367,0.626,-0.518,0.636,0.317,0.579,0.437,0.682,0.588,0.664,0.698,0.561,0.588,0.533,0.437,0.542,-0.437,-0.336,-0.266,-0.252,-0.095,-0.196,0.005,-0.234,0.106,-0.215,0.236,-0.29,0.357,-0.402,0.216,-0.467,0.085,-0.486,-0.025,-0.486,-0.136,-0.477,-0.276,-0.439,-0.357,-0.336,-0.116,-0.327,-0.015,-0.336,0.095,-0.336,0.296,-0.383,0.095,-0.346,-0.015,-0.346,-0.116,-0.336
7.0,0.017,0.712,0.006,0.606,-0.006,0.5,-0.017,0.385,-0.26,0.154,-0.149,0.135,-0.05,0.115,0.061,0.115,0.171,0.125,-0.657,0.702,-0.536,0.788,-0.392,0.769,-0.271,0.663,-0.403,0.644,-0.558,0.654,0.282,0.615,0.403,0.712,0.558,0.692,0.669,0.596,0.558,0.567,0.403,0.577,-0.47,-0.337,-0.337,-0.173,-0.16,-0.106,-0.061,-0.135,0.05,-0.115,0.193,-0.212,0.293,-0.394,0.182,-0.538,0.017,-0.596,-0.105,-0.596,-0.215,-0.587,-0.37,-0.5,-0.403,-0.327,-0.182,-0.221,-0.083,-0.231,0.039,-0.24,0.227,-0.375,0.028,-0.452,-0.083,-0.452,-0.193,-0.433
7.5,0.034,0.698,0.023,0.583,0.023,0.479,0.011,0.354,-0.239,0.135,-0.136,0.115,-0.034,0.083,0.08,0.083,0.182,0.094,-0.636,0.708,-0.523,0.792,-0.375,0.771,-0.261,0.667,-0.386,0.646,-0.534,0.656,0.284,0.615,0.409,0.698,0.557,0.688,0.67,0.583,0.557,0.562,0.409,0.573,-0.534,-0.26,-0.352,-0.177,-0.17,-0.125,-0.057,-0.167,0.057,-0.146,0.216,-0.219,0.341,-0.354,0.182,-0.469,0.023,-0.51,-0.114,-0.5,-0.227,-0.479,-0.398,-0.417,-0.466,-0.271,-0.182,-0.229,-0.068,-0.25,0.045,-0.26,0.273,-0.344,0.034,-0.375,-0.091,-0.375,-0.205,-0.354
8.0,0.034,0.687,0.022,0.564,0.022,0.453,0.011,0.33,-0.236,0.084,-0.135,0.073,-0.022,0.05,0.09,0.05,0.202,0.05,-0.629,0.698,-0.506,0.765,-0.371,0.754,-0.247,0.642,-0.382,0.62,-0.528,0.642,0.303,0.575,0.427,0.676,0.573,0.654,0.674,0.553,0.562,0.52,0.427,0.542,-0.506,-0.307,-0.337,-0.218,-0.157,-0.173,-0.034,-0.207,0.079,-0.196,0.236,-0.274,0.371,-0.397,0.202,-0.464,0.045,-0.464,-0.079,-0.453,-0.213,-0.441,-0.371,-0.397,-0.438,-0.307,-0.169,-0.285,-0.045,-0.307,0.067,-0.307,0.303,-0.385,0.056,-0.341,-0.067,-0.33,-0.191,-0.318
8.5,0.011,0.71,0.011,0.591,0.0,0.473,-0.011,0.344,-0.27,0.14,-0.157,0.108,-0.045,0.086,0.067,0.086,0.18,0.097,-0.64,0.72,-0.517,0.806,-0.371,0.796,-0.27,0.677,-0.393,0.667,-0.539,0.677,0.27,0.624,0.393,0.72,0.551,0.699,0.652,0.602,0.539,0.581,0.393,0.591,-0.562,-0.237,-0.382,-0.161,-0.202,-0.108,-0.079,-0.14,0.045,-0.129,0.202,-0.204,0.348,-0.323,0.191,-0.441,0.022,-0.484,-0.112,-0.484,-0.247,-0.462,-0.416,-0.398,-0.494,-0.247,-0.213,-0.204,-0.09,-0.226,0.034,-0.226,0.281,-0.323,0.034,-0.355,-0.101,-0.355,-0.225,-0.344
9.0,0.029,0.713,0.017,0.596,0.017,0.489,0.006,0.362,-0.249,0.138,-0.145,0.117,-0.029,0.085,0.087,0.096,0.191,0.106,-0.653,0.713,-0.538,0.798,-0.376,0.777,-0.272,0.67,-0.399,0.66,-0.549,0.66,0.283,0.628,0.422,0.713,0.572,0.702,0.676,0.606,0.561,0.574,0.422,0.585,-0.538,-0.266,-0.353,-0.181,-0.168,-0.117,-0.064,-0.16,0.064,-0.138,0.214,-0.213,0.353,-0.34,0.191,-0.457,0.029,-0.511,-0.098,-0.511,-0.225,-0.489,-0.387,-0.426,-0.468,-0.277,-0.179,-0.234,-0.075,-0.245,0.052,-0.245,0.283,-0.34,0.04,-0.372,-0.087,-0.372,-0.202,-0.351
9.5,-0.006,0.746,-0.006,0.624,-0.006,0.503,-0.006,0.381,-0.238,0.149,-0.127,0.127,-0.028,0.116,0.083,0.127,0.193,0.138,-0.635,0.702,-0.514,0.79,-0.37,0.779,-0.26,0.68,-0.392,0.657,-0.525,0.669,0.249,0.657,0.37,0.757,0.514,0.746,0.635,0.657,0.514,0.624,0.381,0.624,-0.525,-0.215,-0.348,-0.138,-0.16,-0.094,-0.05,-0.127,0.072,-0.105,0.238,-0.171,0.403,-0.26,0.238,-0.414,0.061,-0.459,-0.072,-0.459,-0.193,-0.448,-0.359,-0.392,-0.448,-0.227,-0.171,-0.193,-0.05,-0.204,0.072,-0.204,0.337,-0.271,0.061,-0.337,-0.061,-0.337,-0.182,-0.326
10.0,0.164,0.769,0.176,0.667,0.188,0.577,0.2,0.462,-0.042,0.179,0.067,0.167,0.176,0.167,0.273,0.167,0.37,0.179,-0.515,0.654,-0.394,0.744,-0.248,0.744,-0.127,0.654,-0.261,0.628,-0.394,0.628,0.394,0.641,0.515,0.744,0.648,0.731,0.758,0.641,0.661,0.603,0.515,0.615,-0.345,-0.244,-0.152,-0.115,0.03,-0.038,0.152,-0.064,0.261,-0.051,0.406,-0.128,0.539,-0.269,0.394,-0.372,0.248,-0.41,0.139,-0.423,0.006,-0.41,-0.164,-0.372,-0.273,-0.244,0.03,-0.154,0.152,-0.167,0.261,-0.167,0.479,-0.256,0.261,-0.282,0.139,-0.295,0.018,-0.282
10.5,0.089,0.774,0.101,0.673,0.112,0.572,0.112,0.472,-0.124,0.17,-0.018,0.157,0.089,0.157,0.183,0.157,0.278,0.157,-0.55,0.673,-0.432,0.761,-0.302,0.761,-0.183,0.66,-0.314,0.635,-0.444,0.648,0.325,0.635,0.444,0.723,0.574,0.698,0.68,0.61,0.574,0.585,0.444,0.597,-0.42,-0.208,-0.219,-0.107,-0.041,-0.044,0.077,-0.069,0.183,-0.057,0.337,-0.145,0.467,-0.27,0.325,-0.396,0.172,-0.434,0.053,-0.434,-0.065,-0.421,-0.243,-0.371,-0.349,-0.22,-0.041,-0.145,0.065,-0.157,0.172,-0.157,0.408,-0.27,0.183,-0.308,0.065,-0.308,-0.053,-0.296
11.0,0.081,0.744,0.081,0.641,0.093,0.538,0.106,0.423,-0.143,0.128,-0.043,0.128,0.068,0.115,0.168,0.115,0.28,0.115,-0.59,0.667,-0.478,0.744,-0.342,0.744,-0.217,0.641,-0.342,0.615,-0.491,0.628,0.329,0.603,0.453,0.705,0.59,0.692,0.702,0.59,0.59,0.564,0.453,0.577,-0.441,-0.256,-0.242,-0.154,-0.056,-0.09,0.056,-0.115,0.168,-0.103,0.304,-0.179,0.441,-0.308,0.28,-0.359,0.13,-0.359,0.019,-0.346,-0.106,-0.346,-0.255,-0.321,-0.354,-0.256,-0.068,-0.192,0.043,-0.205,0.155,-0.218,0.366,-0.295,0.143,-0.231,0.031,-0.231,-0.081,-0.231
11.5,0.029,0.735,0.029,0.602,0.018,0.482,0.018,0.349,-0.216,0.133,-0.111,0.108,-0.006,0.084,0.099,0.096,0.205,0.12,-0.591,0.723,-0.474,0.795,-0.333,0.795,-0.228,0.687,-0.345,0.675,-0.485,0.675,0.275,0.651,0.392,0.747,0.532,0.735,0.637,0.651,0.532,0.614,0.404,0.627,-0.474,-0.229,-0.298,-0.169,-0.135,-0.12,-0.018,-0.157,0.099,-0.133,0.251,-0.205,0.392,-0.301,0.24,-0.422,0.088,-0.47,-0.041,-0.47,-0.158,-0.458,-0.322,-0.386,-0.404,-0.241,-0.146,-0.205,-0.029,-0.229,0.088,-0.229,0.333,-0.301,0.088,-0.349,-0.029,-0.349,-0.146,-0.337
12.0,0.086,0.738,0.099,0.65,0.099,0.55,0.111,0.45,-0.123,0.15,-0.025,0.15,0.074,0.15,0.173,0.15,0.272,0.138,-0.58,0.662,-0.469,0.75,-0.321,0.75,-0.198,0.637,-0.333,0.613,-0.469,0.613,0.333,0.6,0.457,0.713,0.605,0.7,0.716,0.588,0.605,0.562,0.469,0.562,-0.432,-0.263,-0.235,-0.138,-0.062,-0.075,0.062,-0.1,0.173,-0.087,0.321,-0.175,0.457,-0.312,0.309,-0.388,0.16,-0.412,0.037,-0.4,-0.099,-0.388,-0.259,-0.35,-0.346,-0.263,-0.062,-0.188,0.049,-0.2,0.173,-0.2,0.395,-0.3,0.16,-0.275,0.049,-0.275,-0.074,-0.263
12.5,0.1,0.732,0.1,0.634,0.1,0.549,0.1,0.439,-0.111,0.146,-0.011,0.134,0.078,0.122,0.167,0.134,0.267,0.134,-0.511,0.683,-0.389,0.768,-0.256,0.756,-0.156,0.659,-0.278,0.634,-0.411,0.646,0.322,0.622,0.433,0.707,0.567,0.695,0.667,0.598,0.567,0.573,0.433,0.573,-0.378,-0.232,-0.2,-0.134,-0.033,-0.073,0.067,-0.11,0.178,-0.085,0.3,-0.171,0.433,-0.293,0.289,-0.39,0.156,-0.427,0.044,-0.415,-0.067,-0.415,-0.222,-0.366,-0.322,-0.244,-0.044,-0.171,0.056,-0.183,0.167,-0.195,0.389,-0.293,0.167,-0.305,0.056,-0.293,-0.044,-0.28
13.0,-0.006,0.751,-0.006,0.633,-0.006,0.527,-0.017,0.396,-0.209,0.148,-0.119,0.124,-0.017,0.112,0.073,0.124,0.175,0.136,-0.582,0.704,-0.469,0.787,-0.333,0.787,-0.22,0.68,-0.345,0.657,-0.48,0.669,0.254,0.657,0.379,0.751,0.525,0.751,0.627,0.657,0.514,0.621,0.379,0.633,-0.446,-0.219,-0.299,-0.136,-0.141,-0.089,-0.028,-0.112,0.085,-0.089,0.232,-0.16,0.379,-0.278,0.22,-0.396,0.073,-0.432,-0.051,-0.432,-0.164,-0.42,-0.311,-0.373,-0.379,-0.231,-0.141,-0.172,-0.028,-0.195,0.073,-0.183,0.322,-0.278,0.073,-0.314,-0.04,-0.314,-0.153,-0.302
13.5,0.08,0.732,0.08,0.585,0.08,0.439,0.092,0.293,-0.166,0.098,-0.055,0.073,0.067,0.049,0.178,0.073,0.276,0.098,-0.595,0.732,-0.472,0.829,-0.325,0.817,-0.215,0.707,-0.337,0.683,-0.485,0.695,0.325,0.683,0.448,0.78,0.583,0.78,0.693,0.683,0.583,0.646,0.448,0.646,-0.448,-0.244,-0.252,-0.195,-0.08,-0.159,0.043,-0.183,0.166,-0.159,0.325,-0.22,0.46,-0.293,0.313,-0.451,0.153,-0.512,0.031,-0.524,-0.104,-0.5,-0.276,-0.439,-0.374,-0.268,-0.08,-0.244,0.043,-0.256,0.166,-0.256,0.411,-0.305,0.153,-0.378,0.031,-0.378,-0.092,-0.366
14.0,0.232,0.72,0.244,0.622,0.268,0.512,0.28,0.402,-0.012,0.122,0.11,0.11,0.232,0.11,0.329,0.11,0.427,0.11,-0.476,0.671,-0.366,0.768,-0.22,0.756,-0.085,0.646,-0.232,0.622,-0.366,0.634,0.439,0.585,0.549,0.683,0.695,0.671,0.805,0.561,0.695,0.537,0.549,0.549,-0.329,-0.268,-0.11,-0.146,0.085,-0.085,0.207,-0.122,0.329,-0.098,0.463,-0.195,0.561,-0.329,0.439,-0.415,0.293,-0.439,0.171,-0.427,0.037,-0.415,-0.134,-0.378,-0.244,-0.268,0.073,-0.207,0.195,-0.22,0.317,-0.232,0.5,-0.329,0.305,-0.28,0.183,-0.28,0.061,-0.256
14.5,0.159,0.739,0.171,0.627,0.183,0.516,0.195,0.391,-0.073,0.143,0.024,0.13,0.134,0.106,0.232,0.118,0.329,0.118,-0.524,0.677,-0.402,0.752,-0.256,0.739,-0.146,0.64,-0.268,0.627,-0.415,0.627,0.378,0.59,0.5,0.677,0.646,0.665,0.744,0.553,0.634,0.54,0.5,0.553,-0.415,-0.23,-0.207,-0.13,-0.012,-0.068,0.11,-0.106,0.22,-0.093,0.366,-0.18,0.476,-0.317,0.341,-0.416,0.183,-0.453,0.061,-0.453,-0.061,-0.429,-0.232,-0.379,-0.341,-0.242,-0.024,-0.18,0.098,-0.193,0.207,-0.205,0.415,-0.304,0.195,-0.317,0.073,-0.317,-0.049,-0.292
15.0,-0.219,0.744,-0.243,0.659,-0.266,0.585,-0.302,0.488,-0.444,0.195,-0.361,0.183,-0.278,0.183,-0.172,0.183,-0.053,0.183,-0.728,0.646,-0.633,0.72,-0.503,0.72,-0.396,0.646,-0.515,0.622,-0.645,0.622,0.112,0.646,0.231,0.732,0.361,0.72,0.479,0.646,0.361,0.61,0.219,0.622,-0.657,-0.256,-0.538,-0.122,-0.385,-0.037,-0.278,-0.073,-0.16,-0.037,0.006,-0.134,0.183,-0.268,-0.006,-0.378,-0.183,-0.402,-0.302,-0.415,-0.42,-0.402,-0.55,-0.366,-0.598,-0.256,-0.396,-0.159,-0.278,-0.171,-0.172,-0.159,0.112,-0.268,-0.172,-0.268,-0.29,-0.28,-0.408,-0.268
15.5,-0.263,0.728,-0.287,0.586,-0.325,0.456,-0.362,0.325,-0.525,0.112,-0.425,0.089,-0.338,0.065,-0.225,0.077,-0.1,0.077,-0.812,0.728,-0.713,0.799,-0.562,0.799,-0.463,0.704,-0.588,0.68,-0.725,0.68,0.087,0.669,0.212,0.751,0.362,0.751,0.487,0.669,0.362,0.633,0.212,0.633,-0.713,-0.254,-0.6,-0.183,-0.45,-0.136,-0.338,-0.172,-0.212,-0.148,-0.037,-0.219,0.175,-0.314,-0.037,-0.444,-0.225,-0.491,-0.362,-0.491,-0.475,-0.479,-0.6,-0.408,-0.65,-0.266,-0.45,-0.243,-0.35,-0.266,-0.225,-0.254,0.087,-0.314,-0.225,-0.361,-0.35,-0.361,-0.463,-0.337
16.0,-0.396,0.723,-0.434,0.602,-0.484,0.494,-0.535,0.373,-0.635,0.133,-0.56,0.108,-0.472,0.096,-0.358,0.096,-0.233,0.108,-0.862,0.711,-0.761,0.783,-0.635,0.783,-0.535,0.687,-0.648,0.663,-0.786,0.675,-0.019,0.687,0.094,0.771,0.245,0.771,0.371,0.699,0.245,0.651,0.094,0.651,-0.786,-0.253,-0.698,-0.181,-0.572,-0.12,-0.459,-0.157,-0.346,-0.133,-0.157,-0.193,0.082,-0.301,-0.157,-0.434,-0.358,-0.47,-0.484,-0.47,-0.585,-0.458,-0.698,-0.398,-0.723,-0.265,-0.572,-0.229,-0.472,-0.241,-0.346,-0.241,0.006,-0.301,-0.346,-0.349,-0.472,-0.349,-0.572,-0.325
16.5,-0.362,0.713,-0.388,0.581,-0.438,0.461,-0.475,0.341,-0.575,0.114,-0.5,0.09,-0.412,0.078,-0.312,0.078,-0.188,0.09,-0.812,0.677,-0.713,0.76,-0.588,0.76,-0.487,0.665,-0.6,0.641,-0.725,0.641,0.0,0.677,0.113,0.772,0.263,0.772,0.388,0.689,0.263,0.641,0.113,0.653,-0.725,-0.257,-0.637,-0.186,-0.512,-0.138,-0.412,-0.162,-0.3,-0.138,-0.125,-0.198,0.1,-0.293,-0.125,-0.425,-0.3,-0.473,-0.425,-0.473,-0.525,-0.461,-0.637,-0.389,-0.675,-0.269,-0.512,-0.234,-0.412,-0.246,-0.3,-0.246,0.025,-0.293,-0.3,-0.353,-0.412,-0.353,-0.525,-0.341
17.0,0.0,0.718,0.0,0.588,0.0,0.471,-0.011,0.329,-0.239,0.118,-0.125,0.094,-0.023,0.071,0.08,0.082,0.182,0.094,-0.591,0.718,-0.477,0.8,-0.341,0.8,-0.239,0.682,-0.352,0.671,-0.489,0.671,0.261,0.647,0.375,0.753,0.523,0.741,0.625,0.647,0.511,0.612,0.375,0.624,-0.466,-0.247,-0.307,-0.176,-0.148,-0.129,-0.034,-0.165,0.08,-0.141,0.216,-0.212,0.364,-0.318,0.216,-0.435,0.057,-0.482,-0.057,-0.482,-0.182,-0.471,-0.33,-0.4,-0.398,-0.259,-0.159,-0.224,-0.045,-0.235,0.068,-0.235,0.295,-0.318,0.068,-0.365,-0.045,-0.365,-0.17,-0.341
17.5,0.558,0.677,0.595,0.533,0.644,0.389,0.693,0.246,0.313,0.066,0.448,0.03,0.571,-0.006,0.669,0.006,0.755,0.03,-0.239,0.725,-0.092,0.784,0.055,0.772,0.166,0.653,0.031,0.653,-0.104,0.665,0.656,0.593,0.779,0.677,0.902,0.665,0.988,0.581,0.902,0.545,0.779,0.557,-0.031,-0.281,0.215,-0.222,0.436,-0.198,0.546,-0.234,0.644,-0.222,0.73,-0.281,0.791,-0.377,0.681,-0.449,0.583,-0.473,0.485,-0.461,0.362,-0.449,0.178,-0.389,0.043,-0.293,0.411,-0.305,0.521,-0.317,0.62,-0.329,0.742,-0.377,0.607,-0.329,0.509,-0.329,0.387,-0.317
18.0,0.69,0.657,0.729,0.503,0.781,0.349,0.832,0.195,0.394,0.03,0.535,-0.006,0.677,-0.041,0.781,-0.03,0.884,-0.006,-0.161,0.728,0.006,0.799,0.161,0.775,0.277,0.645,0.135,0.645,-0.019,0.669,0.768,0.55,0.91,0.633,1.039,0.609,1.116,0.515,1.026,0.491,0.897,0.515,0.019,-0.278,0.303,-0.231,0.535,-0.219,0.639,-0.266,0.742,-0.254,0.832,-0.314,0.858,-0.42,0.768,-0.467,0.665,-0.491,0.561,-0.479,0.432,-0.456,0.252,-0.385,0.097,-0.302,0.51,-0.325,0.613,-0.349,0.716,-0.361,0.819,-0.408,0.69,-0.361,0.587,-0.349,0.484,-0.325
18.5,0.139,0.692,0.139,0.538,0.139,0.396,0.127,0.243,-0.139,0.065,-0.03,0.041,0.079,0.006,0.188,0.018,0.297,0.041,-0.539,0.728,-0.418,0.799,-0.273,0.787,-0.152,0.669,-0.297,0.657,-0.442,0.669,0.358,0.598,0.479,0.704,0.636,0.692,0.745,0.586,0.624,0.562,0.479,0.562,-0.455,-0.243,-0.261,-0.207,-0.079,-0.172,0.042,-0.219,0.164,-0.195,0.297,-0.254,0.43,-0.349,0.273,-0.479,0.115,-0.538,-0.006,-0.538,-0.139,-0.515,-0.297,-0.432,-0.394,-0.266,-0.091,-0.254,0.03,-0.278,0.152,-0.29,0.37,-0.349,0.127,-0.396,0.018,-0.396,-0.115,-0.373
19.0,-0.421,0.745,-0.472,0.612,-0.522,0.491,-0.585,0.37,-0.66,0.139,-0.597,0.115,-0.509,0.103,-0.409,0.103,-0.283,0.115,-0.874,0.697,-0.774,0.782,-0.648,0.77,-0.547,0.685,-0.66,0.661,-0.786,0.661,-0.044,0.673,0.082,0.77,0.233,0.758,0.358,0.685,0.233,0.648,0.082,0.648,-0.824,-0.248,-0.723,-0.164,-0.597,-0.115,-0.509,-0.152,-0.396,-0.127,-0.195,-0.188,0.031,-0.297,-0.208,-0.418,-0.409,-0.455,-0.522,-0.467,-0.623,-0.455,-0.736,-0.394,-0.761,-0.261,-0.597,-0.224,-0.509,-0.236,-0.396,-0.236,-0.057,-0.297,-0.396,-0.333,-0.522,-0.333,-0.61,-0.321
19.5,-0.396,0.713,-0.447,0.593,-0.484,0.473,-0.535,0.353,-0.635,0.126,-0.56,0.102,-0.484,0.09,-0.371,0.102,-0.245,0.102,-0.862,0.677,-0.761,0.76,-0.635,0.76,-0.535,0.665,-0.648,0.641,-0.774,0.641,-0.031,0.677,0.082,0.772,0.233,0.772,0.358,0.689,0.245,0.641,0.094,0.653,-0.786,-0.246,-0.698,-0.174,-0.572,-0.126,-0.472,-0.15,-0.358,-0.126,-0.17,-0.186,0.057,-0.281,-0.17,-0.425,-0.358,-0.473,-0.484,-0.473,-0.585,-0.461,-0.711,-0.389,-0.736,-0.257,-0.572,-0.222,-0.472,-0.234,-0.358,-0.234,-0.019,-0.281,-0.358,-0.341,-0.484,-0.341,-0.572,-0.329
20.0,0.341,0.701,0.354,0.569,0.378,0.425,0.415,0.281,0.098,0.078,0.22,0.054,0.341,0.03,0.439,0.042,0.537,0.078,-0.415,0.713,-0.293,0.796,-0.146,0.784,-0.024,0.677,-0.159,0.665,-0.293,0.665,0.512,0.641,0.622,0.749,0.756,0.737,0.854,0.641,0.756,0.617,0.634,0.617,-0.22,-0.281,0.0,-0.186,0.207,-0.15,0.317,-0.174,0.451,-0.15,0.573,-0.222,0.671,-0.329,0.549,-0.437,0.415,-0.485,0.28,-0.497,0.159,-0.485,-0.024,-0.425,-0.146,-0.293,0.195,-0.257,0.317,-0.269,0.439,-0.269,0.61,-0.329,0.427,-0.341,0.293,-0.353,0.171,-0.341
20.5,0.637,0.661,0.688,0.509,0.75,0.357,0.812,0.205,0.388,0.029,0.525,-0.006,0.65,-0.041,0.75,-0.018,0.85,0.029,-0.163,0.708,-0.013,0.754,0.125,0.743,0.25,0.626,0.1,0.626,-0.037,0.649,0.713,0.567,0.825,0.649,0.963,0.649,1.025,0.567,0.938,0.532,0.825,0.532,0.025,-0.287,0.275,-0.228,0.5,-0.216,0.613,-0.251,0.7,-0.24,0.787,-0.287,0.85,-0.368,0.75,-0.439,0.65,-0.474,0.562,-0.474,0.438,-0.462,0.25,-0.392,0.1,-0.298,0.487,-0.298,0.6,-0.322,0.688,-0.322,0.8,-0.357,0.675,-0.368,0.588,-0.368,0.475,-0.345
21.0,0.159,0.69,0.159,0.56,0.159,0.429,0.171,0.274,-0.11,0.083,0.0,0.06,0.122,0.036,0.232,0.048,0.329,0.06,-0.537,0.714,-0.427,0.798,-0.268,0.786,-0.159,0.667,-0.293,0.655,-0.439,0.667,0.378,0.619,0.5,0.726,0.646,0.714,0.744,0.619,0.646,0.583,0.5,0.583,-0.427,-0.274,-0.232,-0.202,-0.037,-0.167,0.085,-0.202,0.207,-0.179,0.341,-0.238,0.463,-0.333,0.317,-0.452,0.171,-0.512,0.037,-0.512,-0.085,-0.5,-0.256,-0.429,-0.354,-0.274,-0.049,-0.262,0.073,-0.286,0.195,-0.274,0.402,-0.345,0.183,-0.381,0.061,-0.381,-0.073,-0.369
21.5,-0.442,0.713,-0.494,0.593,-0.545,0.473,-0.584,0.353,-0.662,0.114,-0.597,0.09,-0.506,0.09,-0.39,0.09,-0.273,0.102,-0.883,0.665,-0.792,0.737,-0.662,0.737,-0.558,0.653,-0.675,0.629,-0.805,0.629,-0.052,0.677,0.065,0.772,0.208,0.772,0.351,0.701,0.221,0.665,0.078,0.653,-0.792,-0.281,-0.714,-0.198,-0.597,-0.138,-0.494,-0.162,-0.377,-0.138,-0.182,-0.186,0.065,-0.281,-0.169,-0.389,-0.364,-0.425,-0.494,-0.437,-0.597,-0.437,-0.714,-0.389,-0.74,-0.293,-0.597,-0.246,-0.494,-0.257,-0.377,-0.246,-0.026,-0.293,-0.364,-0.305,-0.494,-0.317,-0.597,-0.305
22.0,0.035,0.692,0.023,0.55,0.023,0.42,0.012,0.29,-0.209,0.089,-0.105,0.053,0.0,0.03,0.105,0.041,0.209,0.053,-0.57,0.728,-0.465,0.799,-0.326,0.799,-0.221,0.68,-0.337,0.669,-0.477,0.68,0.279,0.645,0.395,0.728,0.547,0.728,0.651,0.633,0.535,0.598,0.407,0.609,-0.465,-0.266,-0.302,-0.207,-0.128,-0.172,-0.012,-0.207,0.093,-0.183,0.233,-0.243,0.372,-0.337,0.221,-0.467,0.07,-0.527,-0.047,-0.515,-0.163,-0.503,-0.314,-0.432,-0.407,-0.278,-0.14,-0.254,-0.023,-0.278,0.081,-0.278,0.314,-0.349,0.081,-0.396,-0.035,-0.396,-0.151,-0.373
22.5,0.129,0.69,0.129,0.524,0.129,0.369,0.117,0.202,-0.141,0.06,-0.031,0.012,0.092,-0.024,0.202,-0.0,0.301,0.024,-0.546,0.75,-0.436,0.821,-0.288,0.81,-0.178,0.69,-0.301,0.679,-0.448,0.69,0.362,0.643,0.485,0.738,0.62,0.738,0.73,0.643,0.632,0.607,0.485,0.619,-0.436,-0.25,-0.252,-0.214,-0.055,-0.202,0.055,-0.238,0.166,-0.226,0.313,-0.262,0.448,-0.321,0.301,-0.476,0.141,-0.548,0.018,-0.56,-0.104,-0.536,-0.276,-0.452,-0.374,-0.274,-0.067,-0.286,0.043,-0.31,0.166,-0.31,0.387,-0.333,0.153,-0.417,0.031,-0.417,-0.092,-0.393
23.0,-0.311,0.701,-0.338,0.532,-0.377,0.377,-0.404,0.208,-0.563,0.039,-0.47,-0.0,-0.377,-0.013,-0.258,-0.0,-0.126,-0.0,-0.868,0.701,-0.762,0.792,-0.616,0.779,-0.497,0.662,-0.629,0.636,-0.775,0.649,0.06,0.649,0.192,0.766,0.351,0.766,0.497,0.688,0.364,0.623,0.205,0.623,-0.695,-0.351,-0.589,-0.286,-0.47,-0.247,-0.364,-0.273,-0.258,-0.247,-0.086,-0.312,0.099,-0.403,-0.086,-0.494,-0.272,-0.519,-0.391,-0.519,-0.497,-0.494,-0.603,-0.455,-0.642,-0.351,-0.47,-0.351,-0.377,-0.364,-0.258,-0.364,0.033,-0.403,-0.258,-0.39,-0.377,-0.39,-0.483,-0.377
23.5,0.076,0.745,0.087,0.636,0.087,0.539,0.098,0.43,-0.098,0.139,-0.011,0.127,0.087,0.127,0.174,0.127,0.272,0.139,-0.511,0.673,-0.402,0.745,-0.272,0.758,-0.174,0.673,-0.283,0.636,-0.402,0.636,0.315,0.661,0.413,0.758,0.543,0.758,0.652,0.673,0.554,0.624,0.424,0.636,-0.337,-0.261,-0.174,-0.152,-0.022,-0.091,0.087,-0.115,0.174,-0.091,0.304,-0.164,0.446,-0.285,0.304,-0.382,0.174,-0.418,0.065,-0.418,-0.043,-0.406,-0.185,-0.37,-0.272,-0.261,-0.022,-0.188,0.076,-0.2,0.174,-0.2,0.391,-0.285,0.174,-0.285,0.076,-0.285,-0.033,-0.285
24.0,0.25,0.699,0.262,0.53,0.286,0.361,0.298,0.181,0.012,0.036,0.119,-0.0,0.238,-0.036,0.333,-0.024,0.417,0.012,-0.464,0.747,-0.333,0.819,-0.19,0.807,-0.071,0.687,-0.214,0.675,-0.357,0.687,0.44,0.639,0.56,0.747,0.702,0.747,0.81,0.651,0.714,0.602,0.571,0.602,-0.321,-0.289,-0.119,-0.241,0.071,-0.229,0.19,-0.265,0.31,-0.241,0.429,-0.289,0.536,-0.349,0.417,-0.494,0.274,-0.554,0.167,-0.566,0.036,-0.554,-0.143,-0.47,-0.25,-0.301,0.06,-0.301,0.19,-0.325,0.298,-0.325,0.488,-0.361,0.286,-0.422,0.179,-0.434,0.048,-0.422
24.5,-0.362,0.713,-0.388,0.557,-0.425,0.413,-0.463,0.257,-0.575,0.09,-0.487,0.054,-0.4,0.03,-0.287,0.042,-0.163,0.066,-0.85,0.737,-0.75,0.808,-0.613,0.808,-0.5,0.713,-0.637,0.689,-0.762,0.689,0.013,0.701,0.125,0.796,0.275,0.796,0.412,0.725,0.287,0.677,0.138,0.677,-0.675,-0.257,-0.588,-0.21,-0.475,-0.186,-0.375,-0.21,-0.263,-0.186,-0.075,-0.234,0.15,-0.305,-0.062,-0.461,-0.263,-0.509,-0.375,-0.509,-0.475,-0.485,-0.588,-0.413,-0.625,-0.281,-0.463,-0.257,-0.375,-0.281,-0.263,-0.269,0.075,-0.317,-0.263,-0.389,-0.375,-0.389,-0.475,-0.365
25.0,-0.108,0.747,-0.108,0.639,-0.12,0.542,-0.133,0.434,-0.313,0.133,-0.217,0.133,-0.12,0.133,-0.024,0.133,0.096,0.133,-0.699,0.663,-0.59,0.759,-0.446,0.759,-0.325,0.663,-0.458,0.627,-0.602,0.614,0.193,0.663,0.313,0.759,0.47,0.759,0.578,0.663,0.458,0.614,0.313,0.614,-0.566,-0.289,-0.41,-0.169,-0.241,-0.084,-0.133,-0.12,-0.024,-0.084,0.145,-0.169,0.313,-0.301,0.133,-0.41,-0.036,-0.446,-0.157,-0.446,-0.277,-0.446,-0.422,-0.398,-0.482,-0.289,-0.253,-0.205,-0.133,-0.217,-0.024,-0.205,0.229,-0.301,-0.036,-0.301,-0.145,-0.301,-0.265,-0.301
25.5,0.395,0.706,0.432,0.565,0.469,0.424,0.506,0.259,0.185,0.071,0.309,0.047,0.432,0.024,0.531,0.047,0.617,0.082,-0.383,0.706,-0.259,0.788,-0.111,0.776,0.012,0.671,-0.123,0.647,-0.259,0.659,0.556,0.647,0.667,0.753,0.802,0.753,0.901,0.659,0.815,0.624,0.679,0.624,-0.123,-0.306,0.099,-0.224,0.296,-0.188,0.42,-0.212,0.531,-0.188,0.654,-0.247,0.753,-0.329,0.63,-0.447,0.506,-0.494,0.395,-0.494,0.272,-0.494,0.074,-0.435,-0.062,-0.318,0.284,-0.282,0.407,-0.294,0.519,-0.282,0.691,-0.341,0.506,-0.365,0.395,-0.376,0.272,-0.365
26.0,-0.094,0.675,-0.106,0.482,-0.106,0.301,-0.118,0.108,-0.329,0.012,-0.224,-0.036,-0.118,-0.072,-0.012,-0.048,0.106,-0.012,-0.694,0.759,-0.576,0.819,-0.435,0.807,-0.329,0.711,-0.459,0.699,-0.6,0.711,0.2,0.663,0.306,0.759,0.459,0.747,0.576,0.675,0.459,0.639,0.318,0.639,-0.518,-0.265,-0.388,-0.265,-0.247,-0.253,-0.129,-0.277,-0.024,-0.253,0.141,-0.301,0.306,-0.337,0.141,-0.506,-0.024,-0.578,-0.141,-0.59,-0.259,-0.554,-0.4,-0.458,-0.459,-0.301,-0.247,-0.325,-0.129,-0.349,-0.024,-0.337,0.235,-0.361,-0.012,-0.458,-0.129,-0.458,-0.247,-0.422
26.5,-0.366,0.706,-0.404,0.588,-0.453,0.471,-0.491,0.341,-0.602,0.129,-0.528,0.094,-0.441,0.082,-0.329,0.082,-0.205,0.094,-0.851,0.706,-0.752,0.788,-0.602,0.776,-0.503,0.671,-0.627,0.647,-0.764,0.659,0.006,0.659,0.13,0.753,0.28,0.753,0.416,0.671,0.28,0.624,0.13,0.635,-0.764,-0.259,-0.677,-0.188,-0.54,-0.129,-0.441,-0.165,-0.329,-0.141,-0.143,-0.212,0.081,-0.318,-0.143,-0.447,-0.329,-0.482,-0.453,-0.482,-0.565,-0.471,-0.677,-0.4,-0.702,-0.271,-0.54,-0.235,-0.441,-0.259,-0.329,-0.247,0.006,-0.318,-0.329,-0.353,-0.441,-0.365,-0.553,-0.341
27.0,0.068,0.723,0.068,0.602,0.068,0.494,0.056,0.373,-0.18,0.12,-0.081,0.096,0.031,0.084,0.13,0.084,0.242,0.096,-0.615,0.699,-0.491,0.783,-0.342,0.771,-0.242,0.663,-0.366,0.639,-0.503,0.651,0.317,0.614,0.441,0.723,0.59,0.711,0.689,0.614,0.59,0.578,0.453,0.578,-0.466,-0.301,-0.28,-0.205,-0.106,-0.145,0.006,-0.181,0.118,-0.157,0.255,-0.241,0.391,-0.361,0.23,-0.422,0.093,-0.422,-0.031,-0.41,-0.143,-0.41,-0.304,-0.386,-0.391,-0.301,-0.118,-0.265,-0.006,-0.277,0.118,-0.277,0.317,-0.349,0.106,-0.289,-0.019,-0.289,-0.13,-0.277
27.5,0.055,0.716,0.055,0.598,0.067,0.479,0.067,0.349,-0.202,0.124,-0.08,0.101,0.031,0.089,0.141,0.089,0.252,0.101,-0.583,0.657,-0.472,0.692,-0.35,0.692,-0.227,0.645,-0.35,0.633,-0.472,0.633,0.313,0.621,0.436,0.645,0.558,0.633,0.669,0.586,0.546,0.574,0.436,0.586,-0.46,-0.266,-0.276,-0.183,-0.104,-0.136,0.018,-0.16,0.129,-0.148,0.276,-0.219,0.411,-0.325,0.264,-0.444,0.104,-0.491,-0.018,-0.479,-0.141,-0.467,-0.301,-0.42,-0.387,-0.278,-0.117,-0.231,0.006,-0.243,0.129,-0.243,0.35,-0.325,0.117,-0.349,-0.006,-0.361,-0.129,-0.337
28.0,0.259,0.714,0.272,0.583,0.296,0.452,0.321,0.31,0.025,0.107,0.148,0.083,0.259,0.06,0.358,0.083,0.457,0.095,-0.481,0.702,-0.358,0.798,-0.21,0.786,-0.086,0.667,-0.222,0.655,-0.37,0.655,0.457,0.631,0.58,0.726,0.716,0.714,0.827,0.619,0.728,0.595,0.593,0.595,-0.284,-0.286,-0.086,-0.179,0.111,-0.131,0.235,-0.167,0.358,-0.143,0.494,-0.226,0.605,-0.333,0.469,-0.464,0.321,-0.5,0.198,-0.5,0.062,-0.488,-0.111,-0.429,-0.21,-0.298,0.099,-0.25,0.222,-0.262,0.346,-0.262,0.531,-0.345,0.333,-0.357,0.21,-0.357,0.086,-0.345
28.5,0.662,0.679,0.716,0.536,0.77,0.405,0.824,0.262,0.378,0.06,0.527,0.024,0.676,-0.0,0.784,0.012,0.878,0.036,-0.216,0.702,-0.054,0.774,0.108,0.762,0.23,0.643,0.081,0.631,-0.081,0.643,0.77,0.571,0.919,0.667,1.054,0.655,1.149,0.56,1.054,0.524,0.905,0.536,0.0,-0.286,0.284,-0.202,0.527,-0.155,0.649,-0.19,0.757,-0.179,0.865,-0.25,0.919,-0.381,0.811,-0.464,0.689,-0.5,0.581,-0.5,0.446,-0.476,0.243,-0.405,0.095,-0.298,0.5,-0.274,0.622,-0.286,0.743,-0.298,0.865,-0.369,0.716,-0.357,0.608,-0.345,0.486,-0.333
29.0,0.393,0.667,0.429,0.548,0.452,0.417,0.488,0.286,0.155,0.083,0.274,0.048,0.381,0.024,0.476,0.036,0.571,0.06,-0.357,0.714,-0.226,0.786,-0.071,0.774,0.048,0.643,-0.095,0.631,-0.238,0.643,0.536,0.583,0.643,0.679,0.786,0.667,0.881,0.571,0.786,0.536,0.655,0.548,-0.155,-0.286,0.06,-0.19,0.262,-0.143,0.369,-0.179,0.464,-0.167,0.571,-0.25,0.655,-0.381,0.536,-0.464,0.417,-0.488,0.31,-0.476,0.19,-0.464,0.024,-0.405,-0.083,-0.286,0.238,-0.262,0.357,-0.274,0.452,-0.286,0.595,-0.369,0.429,-0.357,0.333,-0.345,0.214,-0.321
29.5,-0.011,0.73,-0.023,0.607,-0.023,0.509,-0.034,0.387,-0.218,0.117,-0.126,0.104,-0.034,0.104,0.057,0.104,0.161,0.117,-0.598,0.681,-0.471,0.767,-0.333,0.779,-0.23,0.669,-0.345,0.632,-0.494,0.632,0.241,0.644,0.368,0.755,0.506,0.755,0.621,0.656,0.506,0.607,0.368,0.607,-0.448,-0.276,-0.299,-0.178,-0.149,-0.117,-0.046,-0.141,0.057,-0.117,0.195,-0.19,0.345,-0.313,0.195,-0.411,0.046,-0.448,-0.057,-0.448,-0.172,-0.448,-0.31,-0.399,-0.379,-0.276,-0.149,-0.215,-0.046,-0.227,0.057,-0.227,0.287,-0.313,0.057,-0.325,-0.057,-0.325,-0.161,-0.313
30.0,-0.236,0.728,-0.261,0.617,-0.285,0.506,-0.309,0.383,-0.43,0.136,-0.358,0.111,-0.273,0.099,-0.176,0.111,-0.067,0.123,-0.721,0.654,-0.624,0.741,-0.491,0.741,-0.394,0.667,-0.503,0.63,-0.624,0.617,0.079,0.679,0.2,0.765,0.333,0.765,0.455,0.691,0.345,0.642,0.2,0.654,-0.624,-0.272,-0.503,-0.173,-0.37,-0.111,-0.273,-0.136,-0.164,-0.111,-0.006,-0.173,0.176,-0.284,-0.006,-0.383,-0.164,-0.407,-0.285,-0.42,-0.382,-0.407,-0.503,-0.37,-0.564,-0.272,-0.37,-0.21,-0.273,-0.222,-0.164,-0.21,0.103,-0.284,-0.164,-0.296,-0.273,-0.296,-0.382,-0.284
30.5,-0.185,0.671,-0.223,0.561,-0.274,0.463,-0.312,0.354,-0.478,0.122,-0.401,0.098,-0.325,0.073,-0.21,0.061,-0.096,0.049,-0.732,0.695,-0.618,0.768,-0.478,0.756,-0.376,0.634,-0.503,0.622,-0.643,0.646,0.121,0.561,0.261,0.646,0.414,0.622,0.529,0.512,0.401,0.488,0.248,0.512,-0.707,-0.256,-0.58,-0.183,-0.439,-0.134,-0.338,-0.183,-0.236,-0.171,-0.096,-0.268,0.07,-0.415,-0.121,-0.5,-0.299,-0.5,-0.401,-0.476,-0.503,-0.451,-0.618,-0.39,-0.643,-0.268,-0.452,-0.244,-0.363,-0.28,-0.248,-0.293,-0.006,-0.402,-0.274,-0.366,-0.376,-0.354,-0.478,-0.317
31.0,-0.11,0.591,-0.187,0.497,-0.265,0.404,-0.342,0.298,-0.574,0.146,-0.497,0.088,-0.419,0.029,-0.303,0.006,-0.174,-0.018,-0.665,0.766,-0.535,0.801,-0.406,0.754,-0.329,0.626,-0.458,0.649,-0.6,0.696,0.161,0.439,0.316,0.474,0.471,0.415,0.561,0.298,0.419,0.31,0.277,0.357,-0.935,-0.146,-0.768,-0.123,-0.6,-0.123,-0.51,-0.193,-0.394,-0.205,-0.252,-0.333,-0.11,-0.485,-0.342,-0.544,-0.535,-0.52,-0.652,-0.485,-0.755,-0.427,-0.871,-0.322,-0.871,-0.181,-0.639,-0.216,-0.548,-0.263,-0.432,-0.298,-0.187,-0.462,-0.471,-0.404,-0.587,-0.368,-0.69,-0.31
31.5,-0.062,0.595,-0.136,0.503,-0.21,0.41,-0.296,0.306,-0.506,0.145,-0.444,0.098,-0.37,0.04,-0.259,0.006,-0.136,-0.017,-0.617,0.769,-0.494,0.803,-0.358,0.757,-0.284,0.63,-0.407,0.642,-0.543,0.699,0.185,0.445,0.333,0.48,0.469,0.434,0.556,0.306,0.432,0.318,0.296,0.364,-0.852,-0.145,-0.691,-0.121,-0.531,-0.121,-0.444,-0.179,-0.333,-0.191,-0.198,-0.306,-0.062,-0.468,-0.272,-0.526,-0.457,-0.514,-0.58,-0.48,-0.679,-0.422,-0.79,-0.318,-0.79,-0.179,-0.568,-0.202,-0.481,-0.249,-0.37,-0.283,-0.123,-0.445,-0.395,-0.399,-0.519,-0.364,-0.617,-0.306
32.0,0.069,0.733,0.069,0.612,0.082,0.503,0.082,0.382,-0.17,0.127,-0.057,0.115,0.044,0.103,0.145,0.103,0.258,0.115,-0.597,0.697,-0.484,0.794,-0.333,0.794,-0.22,0.673,-0.346,0.648,-0.497,0.661,0.321,0.636,0.447,0.733,0.597,0.733,0.711,0.624,0.597,0.6,0.447,0.6,-0.447,-0.273,-0.27,-0.176,-0.094,-0.115,0.031,-0.152,0.145,-0.127,0.296,-0.2,0.434,-0.321,0.283,-0.442,0.132,-0.479,0.006,-0.479,-0.119,-0.467,-0.283,-0.406,-0.371,-0.273,-0.094,-0.236,0.019,-0.248,0.132,-0.248,0.371,-0.321,0.132,-0.345,0.019,-0.345,-0.107,-0.321
32.5,0.175,0.665,0.212,0.545,0.263,0.425,0.312,0.293,0.087,0.03,0.2,0.03,0.325,0.042,0.412,0.078,0.5,0.114,-0.525,0.545,-0.412,0.641,-0.263,0.665,-0.138,0.581,-0.263,0.533,-0.4,0.521,0.4,0.653,0.5,0.772,0.637,0.808,0.762,0.737,0.662,0.677,0.537,0.653,-0.138,-0.377,0.037,-0.269,0.225,-0.186,0.362,-0.198,0.463,-0.162,0.625,-0.198,0.762,-0.257,0.65,-0.401,0.512,-0.473,0.4,-0.497,0.263,-0.509,0.075,-0.485,-0.062,-0.377,0.237,-0.305,0.362,-0.293,0.487,-0.269,0.7,-0.269,0.487,-0.341,0.375,-0.365,0.25,-0.377
33.0,0.277,0.614,0.342,0.494,0.419,0.373,0.497,0.241,0.252,-0.048,0.381,-0.048,0.51,-0.036,0.587,0.012,0.677,0.06,-0.471,0.41,-0.368,0.518,-0.213,0.554,-0.058,0.482,-0.187,0.422,-0.329,0.386,0.471,0.614,0.561,0.747,0.703,0.783,0.819,0.735,0.742,0.663,0.613,0.627,0.045,-0.446,0.226,-0.349,0.406,-0.265,0.535,-0.265,0.639,-0.217,0.781,-0.229,0.923,-0.265,0.832,-0.398,0.716,-0.494,0.613,-0.53,0.471,-0.554,0.29,-0.53,0.123,-0.446,0.419,-0.373,0.561,-0.361,0.665,-0.325,0.884,-0.289,0.677,-0.361,0.574,-0.398,0.445,-0.41
33.5,0.096,0.744,0.108,0.598,0.12,0.476,0.133,0.329,-0.12,0.11,-0.012,0.085,0.108,0.073,0.205,0.085,0.301,0.11,-0.554,0.707,-0.434,0.793,-0.289,0.793,-0.181,0.683,-0.301,0.659,-0.446,0.659,0.337,0.671,0.446,0.768,0.59,0.768,0.699,0.683,0.59,0.646,0.458,0.646,-0.373,-0.28,-0.205,-0.195,-0.024,-0.146,0.084,-0.171,0.193,-0.146,0.337,-0.207,0.47,-0.305,0.337,-0.439,0.193,-0.488,0.072,-0.5,-0.048,-0.488,-0.205,-0.427,-0.301,-0.293,-0.036,-0.244,0.084,-0.256,0.193,-0.244,0.41,-0.317,0.193,-0.354,0.084,-0.366,-0.036,-0.354
34.0,0.05,0.598,0.0,0.467,-0.05,0.349,-0.1,0.219,-0.375,0.089,-0.275,0.041,-0.188,-0.018,-0.075,-0.041,0.037,-0.053,-0.575,0.763,-0.438,0.799,-0.312,0.763,-0.225,0.633,-0.35,0.645,-0.487,0.692,0.263,0.467,0.412,0.527,0.55,0.479,0.637,0.373,0.525,0.361,0.388,0.408,-0.713,-0.219,-0.512,-0.195,-0.35,-0.195,-0.263,-0.266,-0.15,-0.266,-0.025,-0.373,0.087,-0.491,-0.1,-0.55,-0.263,-0.527,-0.375,-0.491,-0.475,-0.456,-0.6,-0.373,-0.65,-0.243,-0.375,-0.29,-0.287,-0.337,-0.175,-0.361,0.013,-0.479,-0.212,-0.408,-0.325,-0.373,-0.425,-0.325
34.5,0.221,0.582,0.174,0.446,0.14,0.322,0.105,0.186,-0.198,0.096,-0.105,0.04,-0.012,-0.017,0.093,-0.04,0.186,-0.051,-0.419,0.763,-0.279,0.785,-0.163,0.74,-0.081,0.638,-0.198,0.65,-0.326,0.695,0.395,0.446,0.535,0.48,0.651,0.424,0.733,0.322,0.616,0.333,0.5,0.379,-0.57,-0.175,-0.36,-0.175,-0.186,-0.186,-0.105,-0.254,0.012,-0.266,0.105,-0.356,0.174,-0.48,0.012,-0.548,-0.116,-0.537,-0.233,-0.503,-0.326,-0.446,-0.453,-0.356,-0.5,-0.209,-0.221,-0.277,-0.128,-0.322,-0.035,-0.356,0.116,-0.469,-0.07,-0.424,-0.174,-0.39,-0.267,-0.345
35.0,0.044,0.671,0.031,0.529,0.006,0.4,-0.006,0.259,-0.27,0.082,-0.157,0.047,-0.057,0.024,0.057,0.024,0.17,0.024,-0.61,0.729,-0.497,0.8,-0.346,0.776,-0.245,0.659,-0.371,0.659,-0.522,0.671,0.308,0.576,0.434,0.659,0.585,0.647,0.686,0.541,0.572,0.518,0.421,0.541,-0.572,-0.247,-0.396,-0.2,-0.208,-0.176,-0.094,-0.224,0.019,-0.2,0.17,-0.282,0.308,-0.376,0.132,-0.494,-0.044,-0.529,-0.157,-0.518,-0.283,-0.494,-0.434,-0.412,-0.497,-0.259,-0.233,-0.259,-0.119,-0.294,-0.006,-0.306,0.233,-0.376,-0.019,-0.4,-0.132,-0.388,-0.245,-0.365
35.5,0.062,0.732,0.075,0.585,0.075,0.439,0.087,0.28,-0.175,0.073,-0.05,0.061,0.062,0.037,0.175,0.061,0.287,0.073,-0.6,0.72,-0.475,0.805,-0.338,0.793,-0.225,0.695,-0.35,0.671,-0.487,0.671,0.325,0.671,0.438,0.768,0.588,0.768,0.7,0.683,0.588,0.646,0.45,0.659,-0.425,-0.28,-0.25,-0.207,-0.075,-0.159,0.037,-0.195,0.15,-0.171,0.312,-0.232,0.45,-0.317,0.3,-0.451,0.138,-0.512,0.013,-0.524,-0.113,-0.512,-0.263,-0.439,-0.35,-0.293,-0.087,-0.268,0.037,-0.28,0.15,-0.268,0.388,-0.329,0.138,-0.366,0.025,-0.378,-0.1,-0.366
36.0,0.012,0.6,0.0,0.474,0.0,0.349,-0.012,0.211,-0.235,-0.006,-0.136,-0.017,-0.037,-0.04,0.062,-0.029,0.16,-0.029,-0.642,0.589,-0.531,0.669,-0.383,0.657,-0.259,0.531,-0.395,0.509,-0.543,0.531,0.272,0.497,0.395,0.6,0.543,0.6,0.654,0.509,0.543,0.463,0.395,0.463,-0.494,-0.371,-0.321,-0.291,-0.16,-0.246,-0.062,-0.28,0.049,-0.257,0.185,-0.326,0.321,-0.429,0.16,-0.509,0.012,-0.531,-0.099,-0.52,-0.21,-0.509,-0.346,-0.474,-0.42,-0.383,-0.173,-0.36,-0.074,-0.371,0.037,-0.371,0.247,-0.429,0.025,-0.394,-0.086,-0.394,-0.185,-0.371
36.5,0.037,0.732,0.037,0.598,0.037,0.476,0.037,0.329,-0.198,0.122,-0.099,0.098,0.0,0.073,0.111,0.085,0.21,0.098,-0.593,0.732,-0.469,0.793,-0.346,0.78,-0.235,0.707,-0.358,0.695,-0.481,0.707,0.296,0.659,0.42,0.72,0.543,0.707,0.654,0.634,0.543,0.622,0.407,0.634,-0.494,-0.232,-0.321,-0.159,-0.148,-0.122,-0.012,-0.159,0.099,-0.134,0.247,-0.207,0.383,-0.317,0.222,-0.427,0.074,-0.476,-0.049,-0.476,-0.185,-0.451,-0.346,-0.378,-0.42,-0.244,-0.148,-0.207,-0.025,-0.232,0.086,-0.232,0.321,-0.317,0.086,-0.341,-0.037,-0.341,-0.16,-0.317
37.0,0.025,0.709,0.025,0.576,0.013,0.455,0.013,0.321,-0.241,0.103,-0.127,0.091,-0.025,0.067,0.076,0.079,0.19,0.079,-0.633,0.709,-0.519,0.794,-0.367,0.782,-0.253,0.661,-0.38,0.648,-0.532,0.661,0.291,0.612,0.418,0.721,0.57,0.709,0.684,0.6,0.57,0.576,0.418,0.588,-0.532,-0.273,-0.354,-0.188,-0.177,-0.139,-0.051,-0.176,0.063,-0.164,0.215,-0.236,0.354,-0.345,0.19,-0.442,0.038,-0.479,-0.101,-0.479,-0.228,-0.467,-0.38,-0.406,-0.456,-0.273,-0.19,-0.248,-0.063,-0.261,0.063,-0.261,0.278,-0.345,0.051,-0.345,-0.076,-0.345,-0.203,-0.333
37.5,0.091,0.697,0.08,0.588,0.08,0.491,0.068,0.37,-0.159,0.115,-0.057,0.103,0.045,0.079,0.136,0.079,0.227,0.079,-0.511,0.697,-0.398,0.758,-0.273,0.758,-0.17,0.661,-0.284,0.648,-0.409,0.661,0.318,0.612,0.432,0.685,0.557,0.673,0.659,0.588,0.557,0.564,0.432,0.576,-0.432,-0.248,-0.25,-0.164,-0.091,-0.115,0.023,-0.152,0.125,-0.139,0.261,-0.212,0.386,-0.345,0.239,-0.455,0.091,-0.491,-0.011,-0.491,-0.125,-0.467,-0.284,-0.394,-0.352,-0.261,-0.102,-0.224,0.011,-0.236,0.114,-0.248,0.318,-0.345,0.102,-0.358,0.0,-0.345,-0.114,-0.333
38.0,-0.006,0.621,-0.044,0.527,-0.094,0.432,-0.145,0.325,-0.371,0.124,-0.283,0.089,-0.195,0.053,-0.094,0.03,0.019,0.006,-0.597,0.716,-0.484,0.775,-0.333,0.74,-0.258,0.621,-0.384,0.621,-0.522,0.657,0.258,0.467,0.384,0.538,0.535,0.503,0.635,0.385,0.509,0.373,0.358,0.408,-0.711,-0.207,-0.522,-0.16,-0.358,-0.136,-0.258,-0.183,-0.145,-0.183,-0.006,-0.302,0.132,-0.456,-0.069,-0.527,-0.245,-0.527,-0.358,-0.503,-0.459,-0.467,-0.597,-0.373,-0.635,-0.231,-0.384,-0.231,-0.283,-0.266,-0.17,-0.29,0.069,-0.432,-0.195,-0.396,-0.308,-0.373,-0.409,-0.337
38.5,0.15,0.576,0.09,0.482,0.03,0.4,-0.03,0.306,-0.317,0.129,-0.234,0.082,-0.15,0.024,-0.042,-0.024,0.066,-0.059,-0.461,0.776,-0.329,0.788,-0.21,0.741,-0.138,0.624,-0.246,0.659,-0.377,0.706,0.329,0.4,0.473,0.424,0.593,0.353,0.665,0.235,0.545,0.259,0.425,0.329,-0.701,-0.141,-0.497,-0.129,-0.317,-0.141,-0.234,-0.212,-0.126,-0.224,-0.018,-0.365,0.078,-0.506,-0.114,-0.553,-0.269,-0.529,-0.377,-0.494,-0.485,-0.435,-0.605,-0.318,-0.641,-0.176,-0.365,-0.224,-0.269,-0.282,-0.174,-0.318,0.006,-0.482,-0.21,-0.412,-0.317,-0.376,-0.413,-0.318
39.0,0.127,0.602,0.079,0.509,0.042,0.427,0.006,0.322,-0.261,0.123,-0.164,0.088,-0.091,0.053,0.006,0.018,0.115,-0.006,-0.503,0.743,-0.382,0.789,-0.236,0.754,-0.152,0.626,-0.285,0.637,-0.418,0.673,0.333,0.45,0.467,0.52,0.612,0.474,0.697,0.345,0.576,0.357,0.442,0.392,-0.624,-0.181,-0.43,-0.135,-0.248,-0.111,-0.152,-0.17,-0.042,-0.181,0.079,-0.298,0.188,-0.45,0.018,-0.52,-0.152,-0.52,-0.261,-0.497,-0.358,-0.45,-0.503,-0.357,-0.552,-0.205,-0.273,-0.216,-0.188,-0.251,-0.079,-0.287,0.127,-0.427,-0.103,-0.392,-0.212,-0.368,-0.309,-0.322
39.5,0.064,0.711,0.064,0.566,0.064,0.434,0.064,0.289,-0.179,0.066,-0.064,0.039,0.038,0.026,0.141,0.039,0.256,0.053,-0.615,0.697,-0.5,0.789,-0.359,0.776,-0.231,0.658,-0.372,0.645,-0.513,0.645,0.321,0.632,0.436,0.737,0.59,0.724,0.692,0.632,0.59,0.592,0.449,0.605,-0.436,-0.355,-0.256,-0.276,-0.09,-0.211,0.026,-0.25,0.141,-0.224,0.269,-0.303,0.397,-0.395,0.244,-0.447,0.103,-0.474,-0.013,-0.474,-0.128,-0.461,-0.282,-0.434,-0.359,-0.355,-0.103,-0.329,0.013,-0.342,0.128,-0.342,0.321,-0.395,0.115,-0.342,0.0,-0.355,-0.115,-0.329
40.0,0.11,0.711,0.11,0.578,0.11,0.458,0.098,0.313,-0.145,0.108,-0.04,0.072,0.064,0.048,0.168,0.06,0.26,0.072,-0.503,0.699,-0.387,0.735,-0.272,0.723,-0.156,0.663,-0.272,0.651,-0.399,0.663,0.329,0.614,0.445,0.663,0.572,0.651,0.676,0.59,0.561,0.578,0.445,0.59,-0.399,-0.253,-0.225,-0.193,-0.064,-0.157,0.04,-0.193,0.145,-0.169,0.283,-0.241,0.399,-0.337,0.26,-0.458,0.121,-0.494,0.017,-0.482,-0.098,-0.47,-0.249,-0.41,-0.329,-0.265,-0.075,-0.241,0.029,-0.265,0.133,-0.265,0.329,-0.337,0.133,-0.361,0.029,-0.361,-0.087,-0.337
40.5,-0.006,0.735,-0.019,0.59,-0.032,0.446,-0.045,0.301,-0.248,0.096,-0.159,0.072,-0.07,0.06,0.032,0.06,0.134,0.084,-0.643,0.723,-0.529,0.795,-0.376,0.783,-0.274,0.687,-0.414,0.663,-0.541,0.663,0.287,0.651,0.401,0.723,0.554,0.711,0.669,0.627,0.541,0.578,0.401,0.602,-0.427,-0.349,-0.325,-0.205,-0.172,-0.133,-0.07,-0.157,0.032,-0.133,0.146,-0.229,0.261,-0.398,0.134,-0.482,0.006,-0.518,-0.096,-0.53,-0.21,-0.518,-0.338,-0.458,-0.363,-0.337,-0.185,-0.265,-0.083,-0.265,0.019,-0.265,0.185,-0.386,0.019,-0.361,-0.083,-0.361,-0.185,-0.349
41.0,0.11,0.698,0.099,0.57,0.099,0.465,0.088,0.337,-0.11,0.081,-0.022,0.058,0.055,0.047,0.143,0.047,0.231,0.047,-0.495,0.733,-0.374,0.802,-0.242,0.802,-0.154,0.686,-0.264,0.663,-0.396,0.674,0.341,0.628,0.451,0.721,0.582,0.709,0.681,0.605,0.582,0.57,0.451,0.581,-0.319,-0.384,-0.198,-0.244,-0.055,-0.163,0.044,-0.198,0.132,-0.174,0.231,-0.279,0.297,-0.465,0.209,-0.535,0.099,-0.57,0.011,-0.57,-0.099,-0.558,-0.209,-0.535,-0.253,-0.384,-0.066,-0.302,0.033,-0.314,0.121,-0.314,0.242,-0.442,0.11,-0.407,0.022,-0.407,-0.077,-0.395
41.5,0.106,0.728,0.095,0.609,0.095,0.5,0.084,0.38,-0.117,0.163,-0.028,0.141,0.061,0.12,0.151,0.12,0.24,0.13,-0.508,0.75,-0.385,0.815,-0.251,0.815,-0.151,0.707,-0.263,0.685,-0.408,0.696,0.341,0.652,0.453,0.739,0.587,0.728,0.687,0.63,0.587,0.598,0.453,0.62,-0.33,-0.283,-0.207,-0.141,-0.05,-0.087,0.05,-0.12,0.14,-0.098,0.263,-0.196,0.341,-0.38,0.24,-0.543,0.106,-0.598,0.006,-0.598,-0.095,-0.576,-0.229,-0.489,-0.263,-0.283,-0.061,-0.196,0.039,-0.217,0.128,-0.217,0.285,-0.37,0.117,-0.457,0.028,-0.457,-0.073,-0.435
42.0,0.039,0.696,0.026,0.57,0.013,0.43,0.0,0.291,-0.234,0.089,-0.13,0.063,-0.026,0.038,0.078,0.051,0.182,0.063,-0.623,0.696,-0.506,0.772,-0.364,0.759,-0.247,0.658,-0.39,0.633,-0.519,0.646,0.312,0.62,0.442,0.696,0.584,0.684,0.688,0.595,0.584,0.557,0.442,0.57,-0.442,-0.304,-0.312,-0.177,-0.156,-0.127,-0.052,-0.152,0.065,-0.139,0.182,-0.215,0.286,-0.38,0.156,-0.43,0.026,-0.456,-0.091,-0.456,-0.208,-0.43,-0.338,-0.392,-0.364,-0.291,-0.169,-0.253,-0.065,-0.266,0.052,-0.266,0.208,-0.354,0.039,-0.291,-0.065,-0.291,-0.182,-0.278
42.5,0.052,0.7,0.039,0.575,0.026,0.463,0.026,0.325,-0.208,0.087,-0.104,0.075,-0.013,0.05,0.091,0.05,0.195,0.062,-0.623,0.713,-0.494,0.787,-0.351,0.775,-0.247,0.662,-0.377,0.637,-0.519,0.65,0.325,0.613,0.442,0.713,0.597,0.7,0.701,0.613,0.597,0.562,0.455,0.575,-0.429,-0.338,-0.273,-0.25,-0.13,-0.188,-0.039,-0.225,0.065,-0.2,0.182,-0.287,0.299,-0.412,0.169,-0.475,0.039,-0.5,-0.065,-0.487,-0.169,-0.475,-0.299,-0.438,-0.351,-0.338,-0.143,-0.312,-0.039,-0.338,0.052,-0.338,0.234,-0.4,0.039,-0.35,-0.052,-0.362,-0.156,-0.338
43.0,0.088,0.709,0.088,0.576,0.076,0.455,0.076,0.321,-0.135,0.079,-0.053,0.055,0.041,0.042,0.135,0.042,0.24,0.042,-0.52,0.709,-0.404,0.77,-0.275,0.758,-0.17,0.685,-0.287,0.661,-0.415,0.661,0.333,0.636,0.45,0.697,0.579,0.685,0.684,0.6,0.579,0.576,0.45,0.588,-0.345,-0.309,-0.193,-0.224,-0.053,-0.176,0.029,-0.212,0.123,-0.188,0.228,-0.273,0.333,-0.382,0.205,-0.442,0.076,-0.455,-0.018,-0.455,-0.111,-0.442,-0.216,-0.394,-0.275,-0.309,-0.076,-0.285,0.018,-0.309,0.111,-0.309,0.275,-0.382,0.088,-0.321,0.006,-0.321,-0.088,-0.309
43.5,-0.032,0.739,-0.032,0.602,-0.032,0.478,-0.032,0.329,-0.239,0.081,-0.148,0.081,-0.045,0.068,0.058,0.081,0.161,0.093,-0.677,0.714,-0.561,0.801,-0.419,0.801,-0.29,0.689,-0.432,0.665,-0.574,0.665,0.252,0.665,0.381,0.764,0.523,0.764,0.639,0.665,0.523,0.627,0.381,0.64,-0.432,-0.329,-0.303,-0.242,-0.148,-0.168,-0.045,-0.205,0.045,-0.18,0.187,-0.242,0.303,-0.354,0.187,-0.429,0.045,-0.466,-0.058,-0.466,-0.174,-0.453,-0.303,-0.416,-0.355,-0.329,-0.161,-0.292,-0.058,-0.304,0.045,-0.304,0.239,-0.342,0.045,-0.317,-0.058,-0.329,-0.161,-0.317
44.0,0.008,0.69,-0.008,0.581,-0.024,0.457,-0.041,0.318,-0.252,0.07,-0.154,0.054,-0.057,0.039,0.041,0.039,0.154,0.039,-0.659,0.705,-0.528,0.783,-0.382,0.767,-0.268,0.659,-0.398,0.643,-0.545,0.643,0.301,0.597,0.415,0.69,0.577,0.674,0.691,0.581,0.561,0.55,0.415,0.566,-0.48,-0.333,-0.317,-0.24,-0.171,-0.194,-0.073,-0.225,0.024,-0.209,0.154,-0.287,0.268,-0.411,0.122,-0.457,-0.008,-0.473,-0.122,-0.473,-0.22,-0.457,-0.35,-0.411,-0.398,-0.333,-0.187,-0.318,-0.089,-0.333,0.024,-0.333,0.203,-0.395,0.008,-0.333,-0.106,-0.333,-0.203,-0.318
44.5,0.018,0.735,0.018,0.611,0.0,0.487,0.0,0.345,-0.196,0.08,-0.107,0.08,-0.018,0.08,0.071,0.08,0.179,0.08,-0.643,0.681,-0.536,0.77,-0.375,0.752,-0.25,0.646,-0.393,0.628,-0.536,0.628,0.286,0.611,0.411,0.735,0.571,0.717,0.696,0.611,0.571,0.575,0.429,0.593,-0.411,-0.327,-0.25,-0.204,-0.107,-0.133,-0.018,-0.168,0.089,-0.133,0.232,-0.221,0.357,-0.363,0.214,-0.416,0.071,-0.451,-0.036,-0.451,-0.143,-0.434,-0.268,-0.398,-0.321,-0.31,-0.125,-0.274,-0.018,-0.274,0.089,-0.274,0.286,-0.345,0.089,-0.274,-0.018,-0.292,-0.125,-0.274
45.0,0.197,0.702,0.197,0.587,0.197,0.455,0.197,0.322,-0.06,0.074,0.043,0.058,0.145,0.041,0.231,0.041,0.333,0.041,-0.504,0.719,-0.368,0.802,-0.214,0.785,-0.128,0.669,-0.248,0.636,-0.402,0.653,0.419,0.587,0.556,0.686,0.692,0.669,0.795,0.554,0.692,0.521,0.556,0.537,-0.299,-0.306,-0.128,-0.223,0.026,-0.174,0.128,-0.223,0.214,-0.207,0.333,-0.289,0.402,-0.421,0.282,-0.438,0.162,-0.455,0.06,-0.438,-0.043,-0.421,-0.162,-0.388,-0.231,-0.306,0.009,-0.306,0.111,-0.322,0.197,-0.339,0.35,-0.405,0.179,-0.322,0.077,-0.306,-0.009,-0.289
45.5,0.096,0.739,0.096,0.617,0.078,0.478,0.078,0.357,-0.13,0.096,-0.026,0.078,0.061,0.078,0.165,0.078,0.27,0.096,-0.6,0.704,-0.478,0.774,-0.322,0.774,-0.2,0.67,-0.339,0.635,-0.478,0.635,0.339,0.617,0.478,0.722,0.617,0.722,0.739,0.617,0.617,0.583,0.478,0.583,-0.339,-0.322,-0.165,-0.217,-0.026,-0.148,0.061,-0.183,0.165,-0.165,0.287,-0.252,0.409,-0.374,0.27,-0.409,0.148,-0.443,0.026,-0.443,-0.061,-0.426,-0.2,-0.391,-0.27,-0.322,-0.043,-0.287,0.061,-0.304,0.165,-0.304,0.339,-0.357,0.148,-0.287,0.043,-0.287,-0.043,-0.287
46.0,0.052,0.695,0.034,0.576,0.017,0.458,0.0,0.322,-0.224,0.068,-0.121,0.068,-0.034,0.051,0.069,0.034,0.172,0.034,-0.621,0.712,-0.5,0.797,-0.345,0.763,-0.241,0.661,-0.379,0.644,-0.517,0.661,0.31,0.593,0.431,0.678,0.569,0.661,0.69,0.559,0.569,0.525,0.431,0.542,-0.448,-0.288,-0.293,-0.22,-0.138,-0.169,-0.052,-0.203,0.052,-0.186,0.155,-0.271,0.276,-0.39,0.121,-0.441,0.0,-0.441,-0.103,-0.441,-0.207,-0.424,-0.328,-0.373,-0.397,-0.288,-0.155,-0.288,-0.069,-0.305,0.034,-0.305,0.207,-0.39,0.017,-0.305,-0.086,-0.305,-0.19,-0.288
46.5,0.017,0.678,0.0,0.576,-0.017,0.458,-0.034,0.339,-0.237,0.068,-0.153,0.051,-0.051,0.051,0.034,0.034,0.153,0.034,-0.644,0.695,-0.525,0.763,-0.373,0.763,-0.254,0.644,-0.39,0.627,-0.542,0.627,0.288,0.576,0.407,0.678,0.559,0.661,0.678,0.559,0.559,0.525,0.407,0.525,-0.475,-0.322,-0.305,-0.237,-0.169,-0.186,-0.068,-0.22,0.034,-0.203,0.153,-0.288,0.271,-0.424,0.119,-0.458,-0.017,-0.475,-0.119,-0.458,-0.22,-0.441,-0.356,-0.407,-0.407,-0.322,-0.186,-0.305,-0.085,-0.322,0.017,-0.322,0.203,-0.39,0.0,-0.339,-0.102,-0.322,-0.203,-0.305
47.0,-0.017,0.719,-0.033,0.587,-0.05,0.471,-0.067,0.339,-0.25,0.074,-0.15,0.074,-0.067,0.058,0.033,0.058,0.133,0.058,-0.667,0.702,-0.55,0.785,-0.4,0.785,-0.283,0.653,-0.417,0.636,-0.55,0.636,0.25,0.62,0.367,0.736,0.517,0.719,0.633,0.62,0.517,0.587,0.383,0.587,-0.45,-0.322,-0.3,-0.223,-0.167,-0.174,-0.083,-0.207,0.017,-0.19,0.15,-0.256,0.267,-0.388,0.133,-0.421,0.0,-0.455,-0.1,-0.455,-0.2,-0.438,-0.333,-0.405,-0.383,-0.322,-0.183,-0.289,-0.083,-0.306,0.017,-0.306,0.2,-0.372,0.0,-0.322,-0.1,-0.306,-0.2,-0.306
47.5,0.041,0.664,0.025,0.536,-0.008,0.424,-0.025,0.312,-0.256,0.072,-0.157,0.056,-0.058,0.024,0.041,0.024,0.14,0.024,-0.603,0.696,-0.488,0.776,-0.339,0.744,-0.223,0.632,-0.372,0.616,-0.521,0.632,0.306,0.552,0.438,0.632,0.57,0.616,0.686,0.504,0.57,0.472,0.421,0.504,-0.504,-0.328,-0.339,-0.232,-0.19,-0.184,-0.091,-0.216,0.008,-0.216,0.124,-0.296,0.24,-0.44,0.091,-0.472,-0.058,-0.488,-0.14,-0.472,-0.256,-0.456,-0.372,-0.408,-0.438,-0.312,-0.207,-0.312,-0.107,-0.328,-0.008,-0.328,0.174,-0.424,-0.025,-0.344,-0.124,-0.328,-0.223,-0.312
48.0,0.008,0.669,-0.023,0.549,-0.039,0.444,-0.07,0.308,-0.271,0.068,-0.178,0.053,-0.085,0.023,0.023,0.023,0.132,0.023,-0.643,0.699,-0.519,0.789,-0.364,0.774,-0.256,0.639,-0.395,0.624,-0.535,0.639,0.271,0.579,0.395,0.684,0.535,0.669,0.659,0.564,0.535,0.519,0.38,0.549,-0.488,-0.323,-0.333,-0.233,-0.194,-0.188,-0.101,-0.218,-0.008,-0.203,0.116,-0.293,0.24,-0.414,0.085,-0.444,-0.039,-0.459,-0.147,-0.459,-0.24,-0.444,-0.364,-0.414,-0.426,-0.323,-0.209,-0.308,-0.116,-0.308,-0.008,-0.323,0.178,-0.398,-0.023,-0.338,-0.132,-0.338,-0.225,-0.323
48.5,0.196,0.484,0.107,0.391,0.036,0.297,-0.054,0.188,-0.375,0.047,-0.286,-0.016,-0.196,-0.078,-0.089,-0.125,0.018,-0.156,-0.5,0.75,-0.339,0.781,-0.196,0.703,-0.125,0.562,-0.268,0.609,-0.411,0.672,0.375,0.281,0.554,0.297,0.696,0.219,0.768,0.062,0.625,0.109,0.482,0.188,-0.804,-0.219,-0.607,-0.172,-0.411,-0.188,-0.339,-0.266,-0.214,-0.297,-0.143,-0.438,-0.089,-0.656,-0.268,-0.625,-0.411,-0.578,-0.518,-0.516,-0.625,-0.453,-0.732,-0.359,-0.732,-0.234,-0.482,-0.297,-0.393,-0.359,-0.286,-0.406,-0.161,-0.594,-0.321,-0.438,-0.429,-0.391,-0.536,-0.328
49.0,0.322,0.444,0.235,0.338,0.165,0.233,0.078,0.128,-0.287,0.008,-0.2,-0.053,-0.113,-0.128,-0.009,-0.173,0.096,-0.218,-0.426,0.744,-0.252,0.774,-0.113,0.684,-0.043,0.534,-0.183,0.594,-0.339,0.654,0.478,0.203,0.652,0.218,0.791,0.128,0.843,-0.038,0.704,0.023,0.583,0.098,-0.739,-0.263,-0.513,-0.203,-0.322,-0.218,-0.252,-0.308,-0.148,-0.338,-0.078,-0.504,-0.043,-0.744,-0.235,-0.699,-0.374,-0.624,-0.461,-0.564,-0.548,-0.489,-0.67,-0.383,-0.67,-0.278,-0.391,-0.338,-0.304,-0.398,-0.217,-0.459,-0.113,-0.669,-0.27,-0.489,-0.357,-0.429,-0.443,-0.368
49.5,0.322,0.444,0.235,0.338,0.165,0.233,0.078,0.128,-0.287,0.008,-0.2,-0.053,-0.113,-0.128,-0.009,-0.173,0.096,-0.218,-0.426,0.744,-0.252,0.774,-0.113,0.684,-0.043,0.534,-0.183,0.594,-0.339,0.654,0.478,0.203,0.652,0.218,0.791,0.128,0.843,-0.038,0.704,0.023,0.583,0.098,-0.739,-0.263,-0.513,-0.203,-0.322,-0.218,-0.252,-0.308,-0.148,-0.338,-0.078,-0.504,-0.043,-0.744,-0.235,-0.699,-0.374,-0.624,-0.461,-0.564,-0.548,-0.489,-0.67,-0.383,-0.67,-0.278,-0.391,-0.338,-0.304,-0.398,-0.217,-0.459,-0.113,-0.669,-0.27,-0.489,-0.357,-0.429,-0.443,-0.368
50.0,0.322,0.444,0.235,0.338,0.165,0.233,0.078,0.128,-0.287,0.008,-0.2,-0.053,-0.113,-0.128,-0.009,-0.173,0.096,-0.218,-0.426,0.744,-0.252,0.774,-0.113,0.684,-0.043,0.534,-0.183,0.594,-0.339,0.654,0.478,0.203,0.652,0.218,0.791,0.128,0.843,-0.038,0.704,0.023,0.583,0.098,-0.739,-0.263,-0.513,-0.203,-0.322,-0.218,-0.252,-0.308,-0.148,-0.338,-0.078,-0.504,-0.043,-0.744,-0.235,-0.699,-0.374,-0.624,-0.461,-0.564,-0.548,-0.489,-0.67,-0.383,-0.67,-0.278,-0.391,-0.338,-0.304,-0.398,-0.217,-0.459,-0.113,-0.669,-0.27,-0.489,-0.357,-0.429,-0.443,-0.368
50.5,0.322,0.444,0.235,0.338,0.165,0.233,0.078,0.128,-0.287,0.008,-0.2,-0.053,-0.113,-0.128,-0.009,-0.173,0.096,-0.218,-0.426,0.744,-0.252,0.774,-0.113,0.684,-0.043,0.534,-0.183,0.594,-0.339,0.654,0.478,0.203,0.652,0.218,0.791,0.128,0.843,-0.038,0.704,0.023,0.583,0.098,-0.739,-0.263,-0.513,-0.203,-0.322,-0.218,-0.252,-0.308,-0.148,-0.338,-0.078,-0.504,-0.043,-0.744,-0.235,-0.699,-0.374,-0.624,-0.461,-0.564,-0.548,-0.489,-0.67,-0.383,-0.67,-0.278,-0.391,-0.338,-0.304,-0.398,-0.217,-0.459,-0.113,-0.669,-0.27,-0.489,-0.357,-0.429,-0.443,-0.368
51.0,0.322,0.444,0.235,0.338,0.165,0.233,0.078,0.128,-0.287,0.008,-0.2,-0.053,-0.113,-0.128,-0.009,-0.173,0.096,-0.218,-0.426,0.744,-0.252,0.774,-0.113,0.684,-0.043,0.534,-0.183,0.594,-0.339,0.654,0.478,0.203,0.652,0.218,0.791,0.128,0.843,-0.038,0.704,0.023,0.583,0.098,-0.739,-0.263,-0.513,-0.203,-0.322,-0.218,-0.252,-0.308,-0.148,-0.338,-0.078,-0.504,-0.043,-0.744,-0.235,-0.699,-0.374,-0.624,-0.461,-0.564,-0.548,-0.489,-0.67,-0.383,-0.67,-0.278,-0.391,-0.338,-0.304,-0.398,-0.217,-0.459,-0.113,-0.669,-0.27,-0.489,-0.357,-0.429,-0.443,-0.368
51.5,0.322,0.444,0.235,0.338,0.165,0.233,0.078,0.128,-0.287,0.008,-0.2,-0.053,-0.113,-0.128,-0.009,-0.173,0.096,-0.218,-0.426,0.744,-0.252,0.774,-0.113,0.684,-0.043,0.534,-0.183,0.594,-0.339,0.654,0.478,0.203,0.652,0.218,0.791,0.128,0.843,-0.038,0.704,0.023,0.583,0.098,-0.739,-0.263,-0.513,-0.203,-0.322,-0.218,-0.252,-0.308,-0.148,-0.338,-0.078,-0.504,-0.043,-0.744,-0.235,-0.699,-0.374,-0.624,-0.461,-0.564,-0.548,-0.489,-0.67,-0.383,-0.67,-0.278,-0.391,-0.338,-0.304,-0.398,-0.217,-0.459,-0.113,-0.669,-0.27,-0.489,-0.357,-0.429,-0.443,-0.368
52.0,0.322,0.444,0.235,0.338,0.165,0.233,0.078,0.128,-0.287,0.008,-0.2,-0.053,-0.113,-0.128,-0.009,-0.173,0.096,-0.218,-0.426,0.744,-0.252,0.774,-0.113,0.684,-0.043,0.534,-0.183,0.594,-0.339,0.654,0.478,0.203,0.652,0.218,0.791,0.128,0.843,-0.038,0.704,0.023,0.583,0.098,-0.739,-0.263,-0.513,-0.203,-0.322,-0.218,-0.252,-0.308,-0.148,-0.338,-0.078,-0.504,-0.043,-0.744,-0.235,-0.699,-0.374,-0.624,-0.461,-0.564,-0.548,-0.489,-0.67,-0.383,-0.67,-0.278,-0.391,-0.338,-0.304,-0.398,-0.217,-0.459,-0.113,-0.669,-0.27,-0.489,-0.357,-0.429,-0.443,-0.368
